{"cameraMode":{"drawMode":0,"name":"Shaded","section":"Shading Mode"},"sceneLighting":true,"audioPlay":false,"sceneViewState":{"m_AlwaysRefresh":false,"showFog":true,"showSkybox":true,"showFlares":true,"showImageEffects":true,"showParticleSystems":true,"showVisualEffectGraphs":true,"m_FxEnabled":true},"in2DMode":false,"pivot":{"x":0.045905474573373798,"y":9.781569480895996,"z":-6.516117572784424},"rotation":{"x":-0.033285994082689288,"y":-0.03237929195165634,"z":0.0010791107779368759,"w":-0.9989214539527893},"size":61.647560119628909,"orthographic":true}