{"cameraMode":{"drawMode":0,"name":"Shaded","section":"Shading Mode"},"sceneLighting":true,"audioPlay":false,"sceneViewState":{"m_AlwaysRefresh":false,"showFog":true,"showSkybox":true,"showFlares":true,"showImageEffects":true,"showParticleSystems":true,"showVisualEffectGraphs":true,"m_FxEnabled":true},"in2DMode":false,"pivot":{"x":-40.39922332763672,"y":34.603275299072269,"z":-33.487876892089847},"rotation":{"x":0.08945956081151962,"y":0.0960618257522583,"z":-0.008669051341712475,"w":0.9913104772567749},"size":0.7320464849472046,"orthographic":false}