{"cameraMode":{"drawMode":0,"name":"Shaded","section":"Shading Mode"},"sceneLighting":true,"audioPlay":false,"sceneViewState":{"m_AlwaysRefresh":false,"showFog":true,"showSkybox":true,"showFlares":true,"showImageEffects":true,"showParticleSystems":true,"showVisualEffectGraphs":true,"m_FxEnabled":true},"in2DMode":false,"pivot":{"x":31.598247528076173,"y":14.576210021972657,"z":35.00099563598633},"rotation":{"x":0.0679011270403862,"y":-0.45059746503829958,"z":-0.034397728741168979,"w":-0.8894777297973633},"size":148.1511688232422,"orthographic":false}