{"cameraMode":{"drawMode":0,"name":"Shaded","section":"Shading Mode"},"sceneLighting":true,"audioPlay":false,"sceneViewState":{"m_AlwaysRefresh":false,"showFog":true,"showSkybox":true,"showFlares":true,"showImageEffects":true,"showParticleSystems":true,"showVisualEffectGraphs":true,"m_FxEnabled":true},"in2DMode":false,"pivot":{"x":0.05080366134643555,"y":10.915128707885743,"z":-6.440645217895508},"rotation":{"x":-0.033285994082689288,"y":-0.03237929195165634,"z":0.0010791107779368759,"w":-0.9989214539527893},"size":71.21094512939453,"orthographic":true}