{"cameraMode":{"drawMode":0,"name":"Shaded","section":"Shading Mode"},"sceneLighting":true,"audioPlay":false,"sceneViewState":{"m_AlwaysRefresh":false,"showFog":true,"showSkybox":true,"showFlares":true,"showImageEffects":true,"showParticleSystems":true,"showVisualEffectGraphs":true,"m_FxEnabled":true},"in2DMode":false,"pivot":{"x":-28.597204208374025,"y":30.644153594970704,"z":136.81903076171876},"rotation":{"x":0.08605320006608963,"y":-0.33481207489967348,"z":0.030721371993422509,"w":0.9378471374511719},"size":87.40779113769531,"orthographic":false}